name,position,team,plate_appearances,obp,hr,hr_rate,recent_pa,recent_obp,obp_est,hr_rate_est,games_this_week,expected_starts,weekly_score
Ben Rice,1B,New York Yankees,134,0.4552,12,0.0896,50,0.42,0.3694,0.0551,7,6.0,73.3184
Max Muncy,3B,Los Angeles Dodgers,127,0.3937,9,0.0709,47,0.4894,0.3736,0.0463,6,5.0,68.4425
Christian Walker,1B,Houston Astros,144,0.3958,8,0.0556,51,0.4706,0.3727,0.0406,6,5.0,66.113
Matt Olson,1B,Atlanta Braves,158,0.3797,11,0.0696,59,0.3898,0.3504,0.048,6,5.0,63.8469
Ozzie Albies,2B,Atlanta Braves,151,0.3841,7,0.0464,57,0.4561,0.3674,0.0366,6,5.0,63.4132
Elly De La Cruz,SS,Cincinnati Reds,149,0.349,10,0.0671,51,0.3725,0.3399,0.0462,7,6.0,63.3367
Munetaka Murakami,1B,Chicago White Sox,149,0.3624,13,0.0872,56,0.3393,0.3341,0.0556,6,5.0,63.0244
Ildemaro Vargas,1B,Arizona Diamondbacks,108,0.4057,6,0.0556,48,0.4255,0.3591,0.0386,6,5.0,62.3192
Xavier Edwards,2B,Miami Marlins,145,0.4236,2,0.0138,51,0.451,0.3728,0.0214,7,6.0,61.4519
CJ Abrams,SS,Washington Nationals,143,0.4056,8,0.0559,52,0.3654,0.3481,0.0407,6,5.0,60.5931
Colson Montgomery,SS,Chicago White Sox,140,0.3429,9,0.0643,52,0.3846,0.3417,0.0443,6,5.0,60.5021
Miguel Vargas,3B,Chicago White Sox,145,0.3586,6,0.0414,53,0.434,0.3569,0.0341,6,5.0,60.1172
Dalton Rushing,C,Los Angeles Dodgers,57,0.4211,7,0.1228,34,0.3824,0.3418,0.0517,6,3.6,59.7807
Drake Baldwin,C,Atlanta Braves,161,0.3913,8,0.0497,60,0.4333,0.3636,0.0385,6,3.6,59.7627
Junior Caminero,3B,Tampa Bay Rays,143,0.3497,9,0.0629,46,0.3696,0.3383,0.0439,6,5.0,59.5951
Nathaniel Lowe,1B,Cincinnati Reds,69,0.3478,5,0.0725,39,0.359,0.3323,0.0408,7,6.0,59.5769
Nolan Arenado,3B,Arizona Diamondbacks,116,0.3103,5,0.0431,41,0.4878,0.3545,0.0341,6,5.0,59.5579
Josh Jung,3B,Texas Rangers,126,0.381,4,0.0317,50,0.44,0.3614,0.0295,6,5.0,59.4087
Jonathan Aranda,1B,Tampa Bay Rays,142,0.3521,7,0.0493,47,0.4043,0.3471,0.0376,6,5.0,59.2268
Nick Kurtz,1B,Athletics,153,0.4118,5,0.0327,58,0.3966,0.3578,0.0302,6,5.0,58.8344
Kazuma Okamoto,3B,Toronto Blue Jays,138,0.3188,9,0.0652,53,0.3585,0.3309,0.0446,6,5.0,58.1853
Dansby Swanson,SS,Chicago Cubs,133,0.3383,6,0.0451,47,0.3617,0.3345,0.0355,7,6.0,58.0711
Carlos Correa,SS,Houston Astros,137,0.3796,3,0.0219,50,0.44,0.3618,0.0252,6,5.0,57.8791
Xander Bogaerts,SS,San Diego Padres,134,0.3507,5,0.0373,46,0.3696,0.3383,0.032,7,6.0,57.6527
Willson Contreras,1B,Boston Red Sox,142,0.3873,7,0.0493,58,0.3448,0.3396,0.0376,6,5.0,57.5298
Samuel Basallo,C,Baltimore Orioles,100,0.32,5,0.05,36,0.4722,0.3492,0.0361,7,4.2,57.0917
Iván Herrera,C,St. Louis Cardinals,156,0.4103,4,0.0256,58,0.4483,0.3707,0.0268,6,3.6,56.9704
Brice Turang,2B,Milwaukee Brewers,139,0.4275,4,0.0288,51,0.4118,0.3631,0.0283,5,4.0,56.809
Nick Gonzales,3B,Pittsburgh Pirates,126,0.381,0,0.0,56,0.4821,0.3719,0.016,6,5.0,56.722
Spencer Torkelson,1B,Detroit Tigers,132,0.3485,6,0.0455,51,0.3725,0.3394,0.0356,6,5.0,56.7121
Bryce Harper,1B,Philadelphia Phillies,145,0.3517,6,0.0414,57,0.3333,0.3305,0.0341,7,6.0,56.6667
Manny Machado,3B,San Diego Padres,130,0.3385,5,0.0385,42,0.3571,0.3326,0.0325,7,6.0,56.53
Vladimir Guerrero Jr.,1B,Toronto Blue Jays,145,0.4207,2,0.0138,54,0.4074,0.3614,0.0214,6,5.0,56.3759
Brandon Lowe,2B,Pittsburgh Pirates,135,0.3556,8,0.0593,47,0.3191,0.3275,0.0418,6,5.0,56.3487
Rhys Hoskins,1B,Cleveland Guardians,94,0.3617,2,0.0213,31,0.4194,0.3432,0.0255,7,6.0,56.3224
Isaac Paredes,3B,Houston Astros,126,0.3571,3,0.0238,52,0.4231,0.3533,0.0262,6,5.0,56.3174
Liam Hicks,C,Miami Marlins,112,0.3661,7,0.0625,37,0.3514,0.3349,0.0416,7,4.2,55.9444
Amed Rosario,3B,New York Yankees,67,0.3134,4,0.0597,18,0.3333,0.3225,0.0369,7,6.0,55.9001
Sal Stewart,1B,Cincinnati Reds,147,0.3401,9,0.0612,53,0.2642,0.3112,0.0434,7,6.0,55.7624
Otto Lopez,SS,Miami Marlins,141,0.3759,3,0.0213,53,0.3585,0.341,0.0249,7,6.0,55.571
Kevin McGonigle,SS,Detroit Tigers,150,0.4067,2,0.0133,60,0.4,0.3575,0.0211,6,5.0,55.3509
Ty France,1B,San Diego Padres,56,0.3214,3,0.0536,27,0.3333,0.3239,0.0343,7,6.0,55.2379
José Ramírez,3B,Cleveland Guardians,153,0.3399,6,0.0392,54,0.3148,0.3239,0.0333,7,6.0,54.8507
Nico Hoerner,2B,Chicago Cubs,152,0.375,4,0.0263,55,0.3273,0.3335,0.0271,7,6.0,54.7396
Pete Alonso,1B,Baltimore Orioles,146,0.3219,6,0.0411,50,0.32,0.3218,0.034,7,6.0,54.6614
Edouard Julien,2B,Colorado Rockies,101,0.3762,2,0.0198,39,0.4103,0.3475,0.0249,6,5.0,54.5222
Jose Fernandez,1B,Arizona Diamondbacks,97,0.3402,3,0.0309,37,0.4054,0.3404,0.029,6,5.0,54.4734
Alex Bregman,3B,Chicago Cubs,156,0.3333,3,0.0192,59,0.3729,0.3372,0.0237,7,6.0,54.296
Vinnie Pasquantino,1B,Kansas City Royals,138,0.2826,4,0.029,44,0.3864,0.3294,0.0284,7,6.0,54.2758
Jeff McNeil,2B,Athletics,117,0.3793,1,0.0085,43,0.4286,0.3544,0.02,6,5.0,54.2509
Alec Burleson,1B,St. Louis Cardinals,147,0.3605,5,0.034,52,0.3462,0.3354,0.0307,6,5.0,53.9854
José Caballero,SS,New York Yankees,124,0.3065,4,0.0323,46,0.3478,0.3258,0.0297,7,6.0,53.9537
Michael Busch,1B,Chicago Cubs,145,0.3172,2,0.0138,61,0.3934,0.3394,0.0214,7,6.0,53.8998
Ryan Jeffers,C,Minnesota Twins,105,0.3942,4,0.0381,40,0.4,0.3487,0.0318,6,3.6,53.8579
Curtis Mead,1B,Washington Nationals,81,0.3086,4,0.0494,33,0.3636,0.3276,0.0348,6,5.0,53.7693
Mark Vientos,1B,New York Mets,91,0.2967,4,0.044,34,0.3824,0.3292,0.0335,6,5.0,53.6265
Maikel Garcia,3B,Kansas City Royals,141,0.3333,3,0.0213,45,0.3556,0.332,0.0249,7,6.0,53.5406
JJ Wetherholt,2B,St. Louis Cardinals,156,0.3526,7,0.0449,59,0.3051,0.3239,0.036,6,5.0,53.3759
Oswald Peraza,3B,Los Angeles Angels,102,0.3465,4,0.0392,32,0.3438,0.3296,0.0321,6,5.0,53.2078
Geraldo Perdomo,SS,Arizona Diamondbacks,124,0.3525,2,0.0161,39,0.4103,0.3447,0.0229,6,5.0,53.174
Carson Kelly,C,Chicago Cubs,96,0.4167,2,0.0208,32,0.4062,0.3496,0.0253,7,4.2,53.1729
Casey Schmitt,1B,San Francisco Giants,113,0.354,4,0.0354,44,0.3409,0.3315,0.0309,6,5.0,53.1578
Brooks Lee,SS,Minnesota Twins,119,0.3109,5,0.042,49,0.3469,0.3268,0.0337,6,5.0,53.1516
Carter Jensen,C,Kansas City Royals,115,0.3217,6,0.0522,49,0.3469,0.3284,0.0377,7,4.2,53.0121
Bobby Witt Jr.,SS,Kansas City Royals,154,0.3571,2,0.013,60,0.35,0.336,0.0208,7,6.0,52.9084
Connor Norby,1B,Miami Marlins,118,0.339,3,0.0254,40,0.325,0.3258,0.0269,7,6.0,52.8824
Gunnar Henderson,SS,Baltimore Orioles,153,0.2745,9,0.0588,49,0.2653,0.2995,0.0425,7,6.0,52.8219
Tristan Gray,3B,Minnesota Twins,61,0.3167,3,0.0492,20,0.35,0.3247,0.0335,6,5.0,52.6208
Brayan Rocchio,SS,Cleveland Guardians,127,0.344,3,0.0236,48,0.3191,0.3253,0.0261,7,6.0,52.4618
Jazz Chisholm Jr.,2B,New York Yankees,134,0.2985,3,0.0224,51,0.3529,0.3261,0.0255,7,6.0,52.4315
Javier Sanoja,3B,Miami Marlins,76,0.3684,0,0.0,23,0.3913,0.3363,0.0193,7,6.0,52.4025
Luis Campusano,C,San Diego Padres,54,0.3519,3,0.0556,19,0.3684,0.3297,0.0346,7,4.2,52.1331
TJ Rumfield,1B,Colorado Rockies,140,0.3286,4,0.0286,57,0.3509,0.3307,0.0282,6,5.0,51.9811
Josh Naylor,1B,Seattle Mariners,138,0.2826,4,0.029,47,0.383,0.3297,0.0284,6,5.0,51.8271
Jacob Wilson,SS,Athletics,144,0.3125,2,0.0139,52,0.4038,0.3411,0.0215,6,5.0,51.8064
Spencer Horwitz,1B,Pittsburgh Pirates,116,0.3621,3,0.0259,48,0.3333,0.3312,0.0271,6,5.0,51.6709
Hyeseong Kim,SS,Los Angeles Dodgers,68,0.3824,1,0.0147,36,0.3611,0.3358,0.0241,6,5.0,51.6126
Kody Clemens,1B,Minnesota Twins,90,0.3034,3,0.0333,45,0.3409,0.3243,0.0298,6,5.0,51.1236
Konnor Griffin,SS,Pittsburgh Pirates,114,0.3246,2,0.0175,52,0.3654,0.3336,0.0237,6,5.0,50.9579
Vaughn Grissom,2B,Los Angeles Angels,57,0.375,1,0.0175,35,0.3429,0.3308,0.0253,6,5.0,50.9196
Marcelo Mayer,2B,Boston Red Sox,97,0.3125,1,0.0103,37,0.4054,0.3365,0.0215,6,5.0,50.7778
Masyn Winn,SS,St. Louis Cardinals,125,0.352,1,0.008,51,0.3725,0.3398,0.0195,6,5.0,50.7583
Jake Bauers,1B,Milwaukee Brewers,123,0.3171,5,0.0407,49,0.3469,0.3277,0.0332,5,4.0,50.6731
Trea Turner,SS,Philadelphia Phillies,148,0.3041,4,0.027,56,0.3036,0.3145,0.0275,7,6.0,50.5565
Corey Seager,SS,Texas Rangers,143,0.3147,6,0.042,51,0.2941,0.3141,0.0343,6,5.0,50.5142
Adley Rutschman,C,Baltimore Orioles,76,0.3421,4,0.0526,37,0.2973,0.3202,0.0355,7,4.2,50.337
Cole Young,2B,Seattle Mariners,138,0.3406,3,0.0217,48,0.3333,0.3283,0.0251,6,5.0,50.293
Chase Meidroth,2B,Chicago White Sox,139,0.3456,1,0.0072,51,0.3725,0.339,0.0186,6,5.0,50.2518
Gavin Sheets,1B,San Diego Padres,96,0.2708,4,0.0417,26,0.2308,0.3029,0.0329,7,6.0,49.9567
Hunter Goodman,C,Colorado Rockies,134,0.3134,9,0.0672,51,0.2745,0.309,0.0452,6,3.6,49.9331
J.P. Crawford,SS,Seattle Mariners,115,0.3565,2,0.0174,55,0.3273,0.3289,0.0237,6,5.0,49.857
Ryan McMahon,3B,New York Yankees,90,0.2889,2,0.0222,34,0.2941,0.3132,0.0259,7,6.0,49.683
Yoán Moncada,3B,Los Angeles Angels,105,0.3143,3,0.0286,26,0.3077,0.3193,0.0282,6,5.0,49.3874
Nasim Nuñez,2B,Washington Nationals,116,0.3246,0,0.0,40,0.4,0.3384,0.0166,6,5.0,49.3587
Jeremiah Jackson,2B,Baltimore Orioles,112,0.2768,6,0.0536,43,0.2093,0.2912,0.0381,7,6.0,49.2755
Ezequiel Duran,2B,Texas Rangers,77,0.3421,1,0.013,28,0.3333,0.3265,0.0232,6,5.0,49.1668
Colt Keith,3B,Detroit Tigers,104,0.3558,0,0.0,38,0.3684,0.3363,0.0173,6,5.0,49.1493
Kyle Manzardo,1B,Cleveland Guardians,107,0.2804,2,0.0187,39,0.3077,0.3133,0.0243,7,6.0,49.1084
Miguel Rojas,SS,Los Angeles Dodgers,56,0.3455,1,0.0179,21,0.3,0.3224,0.0254,6,5.0,49.0572
Darell Hernaiz,3B,Athletics,57,0.3214,1,0.0175,32,0.3226,0.3225,0.0253,6,5.0,49.0329
Brady House,3B,Washington Nationals,128,0.2891,4,0.0312,42,0.3095,0.3141,0.0293,6,5.0,48.6484
Willi Castro,2B,Colorado Rockies,98,0.3061,1,0.0102,33,0.3636,0.327,0.0214,6,5.0,48.5906
Austin Wells,C,New York Yankees,96,0.3333,3,0.0312,32,0.3125,0.3225,0.0291,7,4.2,48.4601
Christian Vázquez,C,Houston Astros,60,0.3898,2,0.0333,23,0.3043,0.3273,0.0293,6,3.6,48.0962
Miguel Amaya,C,Chicago Cubs,62,0.3548,2,0.0323,22,0.2727,0.3205,0.0291,7,4.2,47.9871
Nolan Gorman,3B,St. Louis Cardinals,126,0.2778,5,0.0397,50,0.28,0.3047,0.0329,6,5.0,47.8729
Richie Palacios,2B,Tampa Bay Rays,63,0.3651,1,0.0159,24,0.25,0.3184,0.0246,6,5.0,47.862
Cal Raleigh,C,Seattle Mariners,147,0.2721,7,0.0476,47,0.3191,0.3124,0.037,6,3.6,47.642
Kyle Karros,3B,Colorado Rockies,115,0.3391,1,0.0087,44,0.3182,0.3242,0.0201,6,5.0,47.49
William Contreras,C,Milwaukee Brewers,138,0.3696,3,0.0217,54,0.3519,0.338,0.0251,5,3.0,47.4555
Freddie Freeman,1B,Los Angeles Dodgers,141,0.3333,3,0.0213,52,0.2885,0.316,0.0249,6,5.0,47.4046
Gary Sánchez,C,Milwaukee Brewers,88,0.3636,5,0.0568,32,0.25,0.3165,0.0378,5,3.0,47.3252
Nolan Schanuel,1B,Los Angeles Angels,138,0.3043,3,0.0217,46,0.3043,0.3152,0.0251,6,5.0,47.3158
Mauricio Dubón,SS,Atlanta Braves,131,0.3282,2,0.0153,49,0.3061,0.3195,0.0224,6,5.0,47.2721
Graham Pauley,3B,Miami Marlins,75,0.2297,1,0.0133,25,0.28,0.306,0.0234,7,6.0,47.128
Alex Freeland,2B,Los Angeles Dodgers,92,0.2889,1,0.0109,31,0.3333,0.3196,0.0219,6,5.0,47.1127
Zach Neto,SS,Los Angeles Angels,163,0.3313,5,0.0307,55,0.2545,0.3073,0.0293,6,5.0,47.0822
Dillon Dingler,C,Detroit Tigers,114,0.3304,6,0.0526,41,0.2439,0.3077,0.0378,6,3.6,46.8597
David Hamilton,3B,Milwaukee Brewers,99,0.3511,0,0.0,40,0.3684,0.3356,0.0176,5,4.0,46.6106
Ernie Clement,2B,Toronto Blue Jays,139,0.3165,1,0.0072,52,0.3269,0.3226,0.0186,6,5.0,46.546
Pedro Pagés,C,St. Louis Cardinals,80,0.2911,3,0.0375,32,0.3125,0.3171,0.031,6,3.6,46.4215
Ketel Marte,2B,Arizona Diamondbacks,136,0.2721,5,0.0368,46,0.2609,0.2995,0.0318,6,5.0,46.2941
Ben Williamson,2B,Tampa Bay Rays,96,0.3158,0,0.0,31,0.3226,0.3216,0.0178,6,5.0,46.0334
Jake Cronenworth,2B,San Diego Padres,111,0.2703,1,0.009,33,0.2727,0.3059,0.0204,7,6.0,45.9707
Luis Arraez,2B,San Francisco Giants,140,0.3333,0,0.0,50,0.3265,0.3254,0.0153,6,5.0,45.9495
Bo Bichette,3B,New York Mets,150,0.28,2,0.0133,52,0.3269,0.3158,0.0211,6,5.0,45.9406
Salvador Perez,C,Kansas City Royals,139,0.2446,5,0.036,54,0.3148,0.3071,0.0315,7,4.2,45.8734
Matt McLain,2B,Cincinnati Reds,143,0.3077,2,0.014,51,0.2549,0.303,0.0215,7,6.0,45.7403
Adam Frazier,2B,Los Angeles Angels,64,0.3387,1,0.0156,22,0.1818,0.3088,0.0245,6,5.0,45.6584
Ramón Urías,3B,St. Louis Cardinals,68,0.2794,2,0.0294,25,0.2,0.3024,0.0283,6,5.0,45.6308
Bryson Stott,2B,Philadelphia Phillies,106,0.2596,2,0.0189,43,0.2439,0.2966,0.0244,7,6.0,45.363
Andrés Giménez,SS,Toronto Blue Jays,119,0.2881,3,0.0252,36,0.25,0.3038,0.0268,6,5.0,45.3597
Coby Mayo,3B,Baltimore Orioles,94,0.234,3,0.0319,32,0.1875,0.2884,0.0293,7,6.0,45.3464
Matt Chapman,3B,San Francisco Giants,145,0.3241,1,0.0069,51,0.2941,0.3158,0.0182,6,5.0,44.86
Taylor Walls,SS,Tampa Bay Rays,82,0.2949,0,0.0,38,0.2973,0.3145,0.0188,6,5.0,44.8054
Brett Sullivan,C,Colorado Rockies,56,0.3091,0,0.0,26,0.36,0.3262,0.021,6,3.6,44.7325
Carlos Narváez,C,Boston Red Sox,74,0.2603,2,0.027,28,0.3214,0.3151,0.0276,6,3.6,44.7143
Luke Keaschall,2B,Minnesota Twins,143,0.2797,1,0.007,50,0.32,0.3143,0.0183,6,5.0,44.5799
Michael Massey,2B,Kansas City Royals,67,0.2239,1,0.0149,43,0.2326,0.2934,0.0242,7,6.0,44.5706
Will Smith,C,Los Angeles Dodgers,107,0.3364,3,0.028,32,0.25,0.3132,0.0279,6,3.6,44.4006
Danny Jansen,C,Texas Rangers,81,0.284,2,0.0247,27,0.2963,0.314,0.0269,6,3.6,44.1877
Jorbit Vivas,3B,Washington Nationals,82,0.35,0,0.0,28,0.2143,0.3109,0.0188,6,5.0,43.9896
Tyler Stephenson,C,Cincinnati Reds,93,0.2903,2,0.0215,34,0.2647,0.3083,0.0256,7,4.2,43.9288
J.T. Realmuto,C,Philadelphia Phillies,68,0.3235,1,0.0147,11,0.0909,0.31,0.0241,7,4.2,43.7513
Ke'Bryan Hayes,3B,Cincinnati Reds,90,0.1778,1,0.0111,34,0.2647,0.2931,0.0221,7,6.0,43.699
Trevor Story,SS,Boston Red Sox,139,0.2446,2,0.0144,46,0.3043,0.3045,0.0218,6,5.0,43.6544
Lenyn Sosa,2B,Toronto Blue Jays,77,0.2368,1,0.013,32,0.25,0.3008,0.0232,6,5.0,43.3549
Gabriel Moreno,C,Arizona Diamondbacks,54,0.2963,1,0.0185,9,0.1111,0.3105,0.0256,6,3.6,42.9141
Jose Altuve,2B,Houston Astros,143,0.338,3,0.021,44,0.186,0.2954,0.0247,6,5.0,42.6981
Josh Bell,1B,Minnesota Twins,135,0.3037,3,0.0222,47,0.2128,0.2935,0.0254,6,5.0,42.5147
Freddy Fermin,C,San Diego Padres,65,0.2923,0,0.0,24,0.25,0.3106,0.0202,7,4.2,42.4103
Kyle Higashioka,C,Texas Rangers,54,0.2963,1,0.0185,20,0.2,0.3079,0.0256,6,3.6,42.3284
Yainer Diaz,C,Houston Astros,106,0.2547,2,0.0189,39,0.3077,0.3095,0.0244,6,3.6,42.2387
Jake Burger,1B,Texas Rangers,141,0.2482,6,0.0426,48,0.1875,0.2769,0.0345,6,5.0,42.1979
Royce Lewis,3B,Minnesota Twins,84,0.2738,3,0.0357,39,0.1538,0.2836,0.0305,6,5.0,42.1929
Caleb Durbin,3B,Boston Red Sox,122,0.2541,1,0.0082,50,0.28,0.3012,0.0197,6,5.0,42.1038
Adrian Del Castillo,C,Arizona Diamondbacks,66,0.2576,3,0.0455,32,0.1875,0.2941,0.0328,6,3.6,41.9159
Alec Bohm,3B,Philadelphia Phillies,131,0.229,1,0.0076,51,0.2549,0.2901,0.0191,7,6.0,41.8987
Luis García Jr.,1B,Washington Nationals,112,0.2589,1,0.0089,40,0.25,0.2981,0.0204,6,5.0,41.6705
Austin Riley,3B,Atlanta Braves,148,0.2838,4,0.027,54,0.2037,0.2858,0.0275,6,5.0,41.5599
Leo Rivas,3B,Seattle Mariners,99,0.2755,0,0.0,38,0.2432,0.3008,0.0176,6,5.0,41.2595
Francisco Alvarez,C,New York Mets,107,0.3048,4,0.0374,39,0.1795,0.292,0.0316,6,3.6,40.9726
Rafael Devers,1B,San Francisco Giants,140,0.2571,2,0.0143,46,0.2391,0.2916,0.0217,6,5.0,40.7292
Victor Caratini,C,Minnesota Twins,101,0.3168,1,0.0099,25,0.2,0.3064,0.0212,6,3.6,40.3248
Edgar Quero,C,Chicago White Sox,88,0.2674,0,0.0,26,0.28,0.3095,0.0184,6,3.6,39.9807
Joey Ortiz,SS,Milwaukee Brewers,83,0.2593,0,0.0,25,0.24,0.304,0.0187,5,4.0,39.8742
Luis Rengifo,3B,Milwaukee Brewers,108,0.2523,0,0.0,42,0.2927,0.3058,0.0171,5,4.0,39.6636
Rafael Marchán,C,Philadelphia Phillies,54,0.1296,1,0.0185,26,0.1923,0.288,0.0256,7,4.2,39.356
Henry Davis,C,Pittsburgh Pirates,84,0.253,2,0.0238,33,0.1818,0.2905,0.0265,6,3.6,38.7443
Patrick Bailey,C,San Francisco Giants,86,0.2209,1,0.0116,29,0.2414,0.2971,0.0224,6,3.6,38.7028
Marcus Semien,2B,New York Mets,133,0.2652,1,0.0075,47,0.2128,0.287,0.019,6,5.0,38.6283
Nick Fortes,C,Tampa Bay Rays,89,0.3034,1,0.0112,30,0.1667,0.2966,0.0222,6,3.6,38.4764
Keibert Ruiz,C,Washington Nationals,65,0.2154,1,0.0154,21,0.1429,0.2919,0.0244,6,3.6,38.2601
Ezequiel Tovar,SS,Colorado Rockies,132,0.25,1,0.0076,47,0.2128,0.2844,0.019,6,5.0,38.0676
Bo Naylor,C,Cleveland Guardians,80,0.2,1,0.0125,31,0.1613,0.2823,0.023,7,4.2,37.0506
Drew Millas,C,Washington Nationals,61,0.2203,0,0.0,23,0.1364,0.2909,0.0205,6,3.6,36.58
James McCann,C,Arizona Diamondbacks,52,0.1961,0,0.0,18,0.0556,0.2871,0.0214,6,3.6,36.0288
Tyler Heineman,C,Toronto Blue Jays,57,0.2222,0,0.0,27,0.12,0.2861,0.0209,6,3.6,35.638
Willy Adames,SS,San Francisco Giants,140,0.2357,3,0.0214,45,0.1111,0.2593,0.025,6,5.0,34.6291
